<?xml version="1.0" encoding="UTF-8"?>
<!DOCTYPE mapper PUBLIC "-//mybatis.org//DTD Mapper 3.0//EN" "http://mybatis.org/dtd/mybatis-3-mapper.dtd">
<mapper namespace="com.cloudta.notify.send.mapper.StudentsMapper">

    <!-- 通用查询映射结果 -->
    <resultMap id="configResultMap" type="com.cloudta.notify.send.entity.StudentsEntity">
        <result column="id" property="id"/>
        <result column="name" property="name"/>
        <result column="code" property="code"/>
        <result column="students_number" property="studentNumber"/>
        <result column="create_time" property="createTime"/>
        <result column="is_deleted" property="isDeleted"/>
    </resultMap>

</mapper>
